timestamp,attack_type,confidence,is_known,signature_hash
2025-04-07 01:10:01,normal,1.0,0,691a7801
2025-04-07 01:10:02,u2r,1.0,0,5b0c16a2
2025-04-07 01:10:02,probe,1.0,0,23d119b7
2025-04-07 01:10:03,probe,1.0,0,93c9afcc
2025-04-07 01:10:03,dos,1.0,0,3fbfe854
2025-04-07 01:10:04,normal,1.0,0,388ba6de
2025-04-07 01:10:05,normal,1.0,0,757b0c9c
2025-04-07 01:10:05,u2r,1.0,0,52f5939c
2025-04-07 01:10:06,r2l,1.0,0,5d3c1a20
2025-04-07 01:10:07,probe,1.0,0,6aaf6589
2025-04-07 01:10:07,r2l,1.0,0,5ccb939a
2025-04-07 01:10:08,dos,1.0,0,3f7c9c50
2025-04-07 01:10:08,probe,1.0,0,7d35c609
2025-04-07 01:10:09,r2l,1.0,0,2969a4b4
2025-04-07 01:10:10,u2r,1.0,0,43479f59
2025-04-07 01:10:10,dos,1.0,0,79f20cd0
2025-04-07 01:10:11,u2r,1.0,0,f83da03f
2025-04-07 01:10:11,r2l,1.0,0,cfc9ebb7
2025-04-07 01:10:12,dos,1.0,0,4fb699d0
2025-04-07 01:10:13,normal,1.0,0,75bfaf27
2025-04-07 01:10:13,probe,1.0,0,1d135670
2025-04-07 01:10:14,probe,1.0,0,62da2e61
2025-04-07 01:10:15,dos,1.0,0,41158c28
2025-04-07 01:10:15,dos,1.0,0,425f379a
2025-04-07 01:10:16,r2l,1.0,0,5fa927b5
2025-04-07 01:10:16,probe,1.0,0,25dea2f4
2025-04-07 01:10:17,probe,1.0,0,69ea169c
2025-04-07 01:10:18,r2l,1.0,0,2a876db1
2025-04-07 01:10:18,u2r,1.0,0,7b9cb06e
2025-04-07 01:10:19,normal,1.0,0,7b34328b
2025-04-07 01:10:20,normal,1.0,0,f1894cc7
2025-04-07 01:10:20,r2l,1.0,0,22e84362
2025-04-07 01:10:21,probe,1.0,0,27a51c86
2025-04-07 01:10:21,u2r,1.0,0,734e8be6
2025-04-07 01:10:22,r2l,1.0,0,6f88cff4
2025-04-07 01:10:23,normal,1.0,0,7f00a8c6
2025-04-07 01:10:23,probe,1.0,0,521e5955
2025-04-07 01:10:24,normal,1.0,0,39cf8722
2025-04-07 01:10:24,u2r,1.0,0,6d0db30f
2025-04-07 01:10:25,dos,1.0,0,413d233c
2025-04-07 01:10:26,normal,1.0,0,7aa70773
2025-04-07 01:10:26,probe,1.0,0,5003b091
2025-04-07 01:10:27,u2r,1.0,0,725641ed
2025-04-07 01:10:28,probe,1.0,0,56b786c8
2025-04-07 01:10:28,probe,1.0,0,4a5af99a
2025-04-07 01:10:29,normal,1.0,0,6f2eb9e1
2025-04-07 01:10:29,r2l,1.0,0,2eee72fb
2025-04-07 01:10:30,r2l,1.0,0,59a23ab8
2025-04-07 01:10:31,dos,1.0,0,d37a639f
2025-04-07 01:10:31,r2l,1.0,0,1222fd4e
2025-04-07 01:10:32,r2l,1.0,0,3f01d536
2025-04-07 01:10:33,probe,1.0,0,5c2dc836
2025-04-07 01:10:33,normal,1.0,0,5cc01be8
2025-04-07 01:10:34,u2r,1.0,0,2f926c11
2025-04-07 01:10:34,probe,1.0,0,6fdbe28d
2025-04-07 01:10:35,dos,1.0,0,31a5e057
2025-04-07 01:10:36,u2r,1.0,0,649470c2
2025-04-07 01:10:36,probe,1.0,0,473e83b7
2025-04-07 01:10:37,dos,1.0,0,1d905746
2025-04-07 01:10:37,probe,1.0,0,5a3fe534
2025-04-07 01:10:38,probe,1.0,0,94ac4441
2025-04-07 01:10:39,normal,1.0,0,49a49365
2025-04-07 01:10:39,r2l,1.0,0,6256d0fe
2025-04-07 01:10:40,normal,1.0,0,c9f80c3e
2025-04-07 01:10:41,dos,1.0,0,6bcaf6df
2025-04-07 01:10:57,u2r,1.0,0,5ba9cff1
2025-04-07 01:10:57,normal,1.0,0,7ad534a1
2025-04-07 01:10:58,normal,1.0,0,5574768d
2025-04-07 01:10:58,dos,1.0,0,46081f1c
2025-04-07 01:10:59,dos,1.0,0,6ae381a5
2025-04-07 01:10:59,probe,1.0,0,1ca8f5dd
2025-04-07 01:11:00,dos,1.0,0,6b6476e9
2025-04-07 01:11:00,probe,1.0,0,418f4bf3
2025-04-07 01:11:01,probe,1.0,0,35990db5
2025-04-07 01:11:01,probe,1.0,0,6b2dfe8b
2025-04-07 01:11:02,u2r,1.0,0,47c108c1
2025-04-07 01:11:02,r2l,1.0,0,6511e1ea
2025-04-07 01:11:03,u2r,1.0,0,6f2cb79d
2025-04-07 01:11:03,u2r,1.0,0,31aafe69
2025-04-07 01:11:04,normal,1.0,0,3b99ccd7
2025-04-07 01:11:04,u2r,1.0,0,20997065
2025-04-07 01:11:05,u2r,1.0,0,f56c5a71
2025-04-07 01:11:05,normal,1.0,0,6da0ce18
2025-04-07 01:11:06,dos,1.0,0,54934afb
2025-04-07 01:11:06,probe,1.0,0,583da8b9
2025-04-07 01:11:07,r2l,1.0,0,61fe40d0
2025-04-07 01:11:07,probe,1.0,0,77f4cc98
2025-04-07 01:11:08,dos,1.0,0,7d6deee0
2025-04-07 01:11:08,dos,1.0,0,3f1b6688
2025-04-07 01:11:09,u2r,1.0,0,2bd09d54
2025-04-07 01:11:09,probe,1.0,0,3f9e01ab
2025-04-07 01:11:10,probe,1.0,0,2a243b79
2025-04-07 01:11:10,dos,1.0,0,127672dd
2025-04-07 01:11:11,u2r,1.0,0,1eb39b38
2025-04-07 01:11:11,u2r,1.0,0,63f44ebf
2025-04-07 01:11:12,u2r,1.0,0,30039f47
2025-04-07 01:11:12,dos,1.0,0,14e1107b
2025-04-07 01:11:13,r2l,1.0,0,1cf66141
2025-04-07 01:11:13,u2r,1.0,0,f66413a7
2025-04-07 01:11:14,r2l,1.0,0,5eec5448
2025-04-07 01:11:14,normal,1.0,0,6e249c3d
2025-04-07 01:11:15,probe,1.0,0,8fe3d5b6
2025-04-07 01:11:15,probe,1.0,0,71984895
2025-04-07 01:11:16,probe,1.0,0,1ec53341
2025-04-07 01:11:17,normal,1.0,0,38461efd
2025-04-07 01:11:17,dos,1.0,0,135aa421
2025-04-07 01:11:18,dos,1.0,0,9286ee3a
2025-04-07 01:11:19,dos,1.0,0,150c5b7a
2025-04-07 01:11:19,normal,1.0,0,2656781a
2025-04-07 01:11:20,u2r,1.0,0,2c01783b
2025-04-07 01:11:20,u2r,1.0,0,40d95c0e
2025-04-07 01:11:21,probe,1.0,0,517407e6
2025-04-07 01:11:22,dos,1.0,0,517edd06
2025-04-07 01:11:22,dos,1.0,0,36878aa2
2025-04-07 01:11:23,dos,1.0,0,330496d2
2025-04-07 01:11:24,probe,1.0,0,1d254125
2025-04-07 01:11:24,probe,1.0,0,5021a249
2025-04-07 01:11:25,probe,1.0,0,7481286e
2025-04-07 01:11:25,probe,1.0,0,313ca75b
2025-04-07 01:11:26,dos,1.0,0,1ed5ec4e
2025-04-07 01:11:27,normal,1.0,0,26846b85
2025-04-07 01:11:27,dos,1.0,0,15d3eef5
2025-04-07 01:11:28,probe,1.0,0,66943379
2025-04-07 01:11:29,probe,1.0,0,7b97cbcc
2025-04-07 01:11:29,probe,1.0,0,963cec31
2025-04-07 01:11:30,u2r,1.0,0,64714b2e
2025-04-07 01:11:31,dos,1.0,0,64edbe2d
2025-04-07 01:11:31,r2l,1.0,0,7624287b
2025-04-07 01:11:32,probe,1.0,0,30fb7ad4
2025-04-07 01:11:32,normal,1.0,0,5e325751
2025-04-07 01:11:33,r2l,1.0,0,310dc79d
2025-04-07 01:11:34,normal,1.0,0,f5a09119
2025-04-07 01:11:34,r2l,1.0,0,5feb47e5
2025-04-07 01:11:35,u2r,1.0,0,6eae5e2b
2025-04-07 01:11:35,r2l,1.0,0,73a8e489
2025-04-07 01:11:36,probe,1.0,0,11c26a54
2025-04-07 01:11:37,dos,1.0,0,6f24d9d0
2025-04-07 01:11:37,normal,1.0,0,4696a3e7
2025-04-07 01:11:38,dos,1.0,0,e0a48e7d
2025-04-07 01:11:39,dos,1.0,0,34cd0345
2025-04-07 01:11:39,u2r,1.0,0,fb73d972
2025-04-07 01:11:40,probe,1.0,0,7dd064cd
2025-04-07 01:11:40,dos,1.0,0,75b62996
2025-04-07 01:11:41,normal,1.0,0,2f6f2f9a
2025-04-07 01:11:42,probe,1.0,0,3e6042b6
2025-04-07 01:11:42,u2r,1.0,0,66b0a6a6
2025-04-07 01:11:43,probe,1.0,0,e9297d32
2025-04-07 01:11:43,normal,1.0,0,5647377b
2025-04-07 01:11:44,u2r,1.0,0,76c16925
2025-04-07 01:11:45,u2r,1.0,0,3f4de302
2025-04-07 01:11:45,probe,1.0,0,1ba19238
2025-04-07 01:11:46,r2l,1.0,0,3d42981e
2025-04-07 01:11:47,dos,1.0,0,5304ec80
2025-04-07 01:11:47,u2r,1.0,0,3798ee6b
2025-04-07 01:14:44,dos,1.0,0,4b38f121
2025-04-07 01:14:44,dos,1.0,0,55a57fea
2025-04-07 01:14:45,u2r,1.0,0,7e805488
2025-04-07 01:14:45,normal,1.0,0,24cb619f
2025-04-07 01:14:46,u2r,1.0,0,3d207d71
2025-04-07 01:14:46,dos,1.0,0,7530ccde
2025-04-07 01:14:47,probe,1.0,0,75691362
2025-04-07 01:14:47,u2r,1.0,0,27ee6486
2025-04-07 01:14:48,r2l,1.0,0,2a3dbf63
2025-04-07 01:14:48,r2l,1.0,0,598da764
2025-04-07 01:14:49,u2r,1.0,0,1b63f6a3
2025-04-07 01:14:49,dos,1.0,0,2348f21f
2025-04-07 01:14:50,dos,1.0,0,21e70f3f
2025-04-07 01:14:50,normal,1.0,0,50f7cb16
2025-04-07 01:14:51,u2r,1.0,0,74760e01
2025-04-07 01:14:51,u2r,1.0,0,6e84b635
2025-04-07 01:14:52,r2l,1.0,0,7a1ba34d
2025-04-07 01:14:52,normal,1.0,0,52f6cf8a
2025-04-07 01:14:53,dos,1.0,0,41fffd3e
2025-04-07 01:14:53,probe,1.0,0,6ba62f3f
2025-04-07 01:14:54,probe,1.0,0,1d3180d2
2025-04-07 01:14:54,probe,1.0,0,206410bf
2025-04-07 01:14:55,probe,1.0,0,225987dc
2025-04-07 01:14:55,dos,1.0,0,50daf510
2025-04-07 01:14:56,dos,1.0,0,7285c99e
2025-04-07 01:14:56,dos,1.0,0,3cb14b85
2025-04-07 01:14:57,dos,1.0,0,1c898943
2025-04-07 01:14:57,normal,1.0,0,7d4d7e80
2025-04-07 01:14:58,dos,1.0,0,14d1cec6
2025-04-07 01:14:58,r2l,1.0,0,6de3a63b
2025-04-07 01:14:59,dos,1.0,0,2206f17e
2025-04-07 01:14:59,r2l,1.0,0,47d67254
2025-04-07 01:15:00,dos,1.0,0,52879dfb
2025-04-07 01:15:00,u2r,1.0,0,6b43daf1
2025-04-07 01:15:01,probe,1.0,0,36b20bf0
2025-04-07 01:15:02,r2l,1.0,0,d37c4169
2025-04-07 01:15:02,probe,1.0,0,6ffeafa4
2025-04-07 01:15:03,r2l,1.0,0,32cbfc92
2025-04-07 01:15:03,r2l,1.0,0,587f51b0
2025-04-07 01:15:04,r2l,1.0,0,57185d74
2025-04-07 01:15:05,r2l,1.0,0,18c6d967
2025-04-07 01:15:05,u2r,1.0,0,4de55f23
2025-04-07 01:15:06,u2r,1.0,0,2cbe2d78
2025-04-07 01:15:07,probe,1.0,0,6b509249
2025-04-07 01:15:07,u2r,1.0,0,20149124
2025-04-07 01:15:08,probe,1.0,0,6bf8f9d9
2025-04-07 01:15:08,r2l,1.0,0,48d64a24
2025-04-07 01:15:09,normal,1.0,0,5ffc7c01
2025-04-07 01:15:10,normal,1.0,0,1e5284b7
2025-04-07 01:15:10,r2l,1.0,0,1c2f960a
2025-04-07 01:15:11,dos,1.0,0,424d991d
2025-04-07 01:15:12,normal,1.0,0,482be859
2025-04-07 01:15:12,probe,1.0,0,219238f7
2025-04-07 01:15:13,dos,1.0,0,27928365
2025-04-07 01:15:13,u2r,1.0,0,781a7d83
2025-04-07 01:15:14,dos,1.0,0,54548c34
2025-04-07 01:15:15,normal,1.0,0,755b5ffe
2025-04-07 01:15:15,r2l,1.0,0,7d6b9fa4
2025-04-07 01:15:16,probe,1.0,0,3a2092d3
2025-04-07 01:15:17,u2r,1.0,0,1f80eff0
2025-04-07 01:15:17,probe,1.0,0,34906217
2025-04-07 01:15:18,dos,1.0,0,3d51fa7a
2025-04-07 01:15:18,u2r,1.0,0,2101bd1a
2025-04-07 01:15:19,dos,1.0,0,79d0998c
2025-04-07 01:15:20,probe,1.0,0,10e384b7
2025-04-07 01:15:20,dos,1.0,0,7f89bd74
2025-04-07 01:15:21,r2l,1.0,0,176199a7
2025-04-07 01:15:22,r2l,1.0,0,7d39f167
2025-04-07 01:15:22,normal,1.0,0,b6147ba9
2025-04-07 01:15:23,r2l,1.0,0,2b10d47f
2025-04-07 01:15:23,probe,1.0,0,57ec792e
2025-04-07 01:15:24,r2l,1.0,0,48bad563
2025-04-07 01:15:25,u2r,1.0,0,1a7d2c9d
2025-04-07 01:15:58,dos,1.0,0,2002ec93
2025-04-07 01:15:58,r2l,1.0,0,612052c3
2025-04-07 01:15:58,probe,1.0,0,22b8a438
2025-04-07 01:23:29,r2l,1.0,0,25e9a897
2025-04-07 01:23:29,dos,1.0,0,62eb2c61
2025-04-07 01:23:29,probe,1.0,0,f22b469b
2025-04-07 01:23:30,dos,1.0,0,61c14677
2025-04-07 01:23:31,u2r,1.0,0,daee2ab2
2025-04-07 01:23:31,normal,1.0,0,47906b5c
2025-04-07 01:23:32,dos,1.0,0,5fbae075
2025-04-07 01:23:32,normal,1.0,0,1762dc2a
2025-04-07 01:23:33,r2l,1.0,0,13aede12
2025-04-07 01:23:34,probe,1.0,0,782fbc3a
2025-04-07 01:23:34,normal,1.0,0,7b91d9ad
2025-04-07 01:23:35,normal,1.0,0,3fbb10f9
2025-04-07 01:23:35,u2r,1.0,0,656d84dd
2025-04-07 01:23:36,dos,1.0,0,6387ebe9
2025-04-07 01:23:37,normal,1.0,0,3b2d75b0
2025-04-07 01:23:37,r2l,1.0,0,58845480
2025-04-07 01:23:38,normal,1.0,0,574c9ebb
2025-04-07 01:23:39,r2l,1.0,0,71f67816
2025-04-07 01:23:39,probe,1.0,0,1b936c28
2025-04-07 01:23:40,normal,1.0,0,6835d1c0
2025-04-07 01:23:40,u2r,1.0,0,6251c36d
2025-04-07 01:23:41,normal,1.0,0,283ac7d4
2025-04-07 01:23:42,probe,1.0,0,211f833a
2025-04-07 01:23:42,u2r,1.0,0,57318f1a
2025-04-07 01:23:43,dos,1.0,0,36be3d48
2025-04-07 01:23:43,probe,1.0,0,7c474e4d
2025-04-07 01:23:44,u2r,1.0,0,f1474e0b
2025-04-07 01:23:45,r2l,1.0,0,507bef5c
2025-04-07 01:23:45,dos,1.0,0,207aec05
2025-04-07 01:23:46,dos,1.0,0,7351f433
2025-04-07 01:23:47,probe,1.0,0,65301c70
2025-04-07 01:23:47,u2r,1.0,0,366aab03
2025-04-07 01:23:47,probe,1.0,0,20e3bd2b
2025-04-07 01:23:48,normal,1.0,0,80642b09
2025-04-07 01:23:49,probe,1.0,0,6a9c2236
2025-04-07 01:23:49,dos,1.0,0,53a1583b
2025-04-07 01:23:50,probe,1.0,0,45e6f728
2025-04-07 01:23:50,r2l,1.0,0,7da2ce6b
2025-04-07 01:23:51,normal,1.0,0,2aba61da
2025-04-07 01:23:52,probe,1.0,0,238d1b84
2025-04-07 01:23:52,probe,1.0,0,27084e96
2025-04-07 01:23:53,dos,1.0,0,266eb2a7
2025-04-07 01:23:53,dos,1.0,0,4bf4c58f
2025-04-07 01:23:54,normal,1.0,0,530aba33
2025-04-07 01:23:55,dos,1.0,0,1d881e48
2025-04-07 01:23:55,u2r,1.0,0,94a2ee49
2025-04-07 01:23:56,probe,1.0,0,16df1017
2025-04-07 01:23:57,dos,1.0,0,68967946
2025-04-07 01:23:57,dos,1.0,0,70b85e8d
2025-04-07 01:23:57,probe,1.0,0,7c238cc3
2025-04-07 01:23:58,probe,1.0,0,296c9cc3
2025-04-07 01:23:59,probe,1.0,0,6c60d0c3
2025-04-07 01:23:59,dos,1.0,0,41bff4cd
2025-04-07 01:24:00,dos,1.0,0,29b4d306
2025-04-07 01:24:00,probe,1.0,0,ffe1849f
2025-04-07 01:24:01,dos,1.0,0,56e8fa18
2025-04-07 01:24:02,probe,1.0,0,63ab325d
2025-04-07 01:24:02,u2r,1.0,0,2417c9a4
2025-04-07 01:24:03,u2r,1.0,0,da1b67f8
2025-04-07 01:24:04,probe,1.0,0,46fa6da7
2025-04-07 01:24:04,u2r,1.0,0,1264a4c1
2025-04-07 01:24:05,normal,1.0,0,1099e9f0
2025-04-07 01:24:05,probe,1.0,0,366c93f7
2025-04-07 01:24:06,u2r,1.0,0,64e73dc8
2025-04-07 01:24:07,dos,1.0,0,43ba2baa
2025-04-07 01:24:07,r2l,1.0,0,aed2c667
2025-04-07 01:24:07,probe,1.0,0,5b9c0873
2025-04-07 01:24:08,u2r,1.0,0,1eff1100
2025-04-07 01:24:09,dos,1.0,0,730c0cd3
2025-04-07 01:24:09,dos,1.0,0,26423128
2025-04-07 01:24:10,probe,1.0,0,62a62f45
2025-04-07 01:24:11,dos,1.0,0,63495bc8
2025-04-07 01:24:11,dos,1.0,0,7a7c0a6f
2025-04-07 01:24:12,dos,1.0,0,17d216eb
2025-04-07 01:24:12,probe,1.0,0,db482c14
2025-04-07 01:24:13,r2l,1.0,0,6c203b40
2025-04-07 01:24:14,probe,1.0,0,25a87e61
2025-04-07 01:24:14,u2r,1.0,0,27b31b80
2025-04-07 01:24:15,dos,1.0,0,4d7a847f
2025-04-07 01:24:15,r2l,1.0,0,5244b73c
2025-04-07 01:24:16,probe,1.0,0,83b3d2df
2025-04-07 01:24:17,probe,1.0,0,2b6f7093
2025-04-07 01:24:17,dos,1.0,0,5a15f624
2025-04-07 01:24:17,r2l,1.0,0,24e14d01
2025-04-07 01:24:18,dos,1.0,0,7db98ddf
2025-04-07 01:24:19,normal,1.0,0,53cd6e07
2025-04-07 01:24:19,normal,1.0,0,71cc6b16
2025-04-07 01:24:20,dos,1.0,0,38b97c5d
2025-04-07 01:24:20,r2l,1.0,0,388e96ed
2025-04-07 01:24:21,dos,1.0,0,62f7100c
2025-04-07 01:24:22,probe,1.0,0,21baa06d
2025-04-07 01:24:22,dos,1.0,0,39fd2d52
2025-04-07 01:24:23,dos,1.0,0,47098e37
2025-04-07 01:24:24,normal,1.0,0,412d4b4a
2025-04-07 01:24:24,u2r,1.0,0,532f1ae5
2025-04-07 01:24:25,probe,1.0,0,70fd2ae4
2025-04-07 01:24:25,probe,1.0,0,29193476
2025-04-07 01:24:26,dos,1.0,0,5fa2d3b5
2025-04-07 01:24:27,u2r,1.0,0,14f0373d
2025-04-07 01:24:27,u2r,1.0,0,22c273cb
2025-04-07 01:24:27,probe,1.0,0,679a8471
2025-04-07 01:24:28,normal,1.0,0,35f28021
2025-04-07 01:24:29,u2r,1.0,0,18104887
2025-04-07 01:24:29,u2r,1.0,0,7955b735
2025-04-07 01:24:30,dos,1.0,0,42ad1ec9
2025-04-07 01:24:31,normal,1.0,0,5edc6444
2025-04-07 01:24:31,r2l,1.0,0,6b7bc052
2025-04-07 01:24:32,u2r,1.0,0,635c1546
2025-04-07 01:24:32,u2r,1.0,0,108d7ba8
2025-04-07 01:24:33,dos,1.0,0,71637d74
2025-04-07 01:24:34,r2l,1.0,0,25fd9288
2025-04-07 01:24:34,dos,1.0,0,3d58e103
2025-04-07 01:24:35,normal,1.0,0,98d454bf
2025-04-07 01:24:36,normal,1.0,0,3027def0
2025-04-07 01:24:36,u2r,1.0,0,2ae0bc39
2025-04-07 01:24:37,probe,1.0,0,29dbddfe
2025-04-07 01:24:37,r2l,1.0,0,4527c3ac
2025-04-07 01:24:38,normal,1.0,0,1fa41933
2025-04-07 01:24:39,u2r,1.0,0,7a898775
2025-04-07 01:24:39,normal,1.0,0,689813fd
2025-04-07 01:24:40,u2r,1.0,0,31f515fd
2025-04-07 01:24:40,probe,1.0,0,6d671feb
2025-04-07 01:24:41,r2l,1.0,0,5df66439
2025-04-07 01:24:42,u2r,1.0,0,7b22565e
2025-04-07 01:24:42,dos,1.0,0,22ff8b82
2025-04-07 01:24:43,probe,1.0,0,20b3987c
2025-04-07 01:24:43,r2l,1.0,0,26549411
2025-04-07 01:24:44,r2l,1.0,0,96328dd9
2025-04-07 01:24:45,dos,1.0,0,6d7a5c6a
2025-04-07 01:24:45,dos,1.0,0,2d07762f
2025-04-07 01:24:46,probe,1.0,0,6d74b609
2025-04-07 01:24:47,probe,1.0,0,3990954a
2025-04-07 01:24:47,u2r,1.0,0,31469228
2025-04-07 01:24:47,r2l,1.0,0,35cc2a2d
2025-04-07 01:24:48,dos,1.0,0,7db0ddb6
2025-04-07 01:24:49,dos,1.0,0,4bda6450
2025-04-07 01:24:49,probe,1.0,0,273ea2bb
2025-04-07 01:24:50,probe,1.0,0,45fe2ee2
2025-04-07 01:24:50,r2l,1.0,0,8d6408a7
2025-04-07 01:24:51,u2r,1.0,0,32ff7e2c
2025-04-07 01:24:52,probe,1.0,0,12691176
2025-04-07 01:24:52,dos,1.0,0,35450b04
2025-04-07 01:24:53,u2r,1.0,0,52be9a2b
2025-04-07 01:24:54,dos,1.0,0,fd300604
2025-04-07 01:24:54,normal,1.0,0,63c1663b
2025-04-07 01:24:55,normal,1.0,0,33c72780
2025-04-07 01:24:55,probe,1.0,0,34c93e9b
2025-04-07 01:24:56,u2r,1.0,0,3168bf81
2025-04-07 01:24:57,probe,1.0,0,62cc5eea
2025-04-07 01:24:57,dos,1.0,0,3bf1855e
2025-04-07 01:24:57,r2l,1.0,0,20d3411e
2025-04-07 01:24:58,normal,1.0,0,3b1df71c
2025-04-07 01:24:59,dos,1.0,0,12a4a75f
2025-04-07 01:24:59,r2l,1.0,0,34a105cd
2025-04-07 01:25:00,probe,1.0,0,4066db78
2025-04-07 01:25:00,r2l,1.0,0,40178257
2025-04-07 01:25:01,probe,1.0,0,3dcfcde1
2025-04-07 01:25:02,normal,1.0,0,549ae570
2025-04-07 01:25:02,u2r,1.0,0,555459bd
2025-04-07 01:25:03,r2l,1.0,0,4abfb0f5
2025-04-07 01:25:04,dos,1.0,0,514c90cd
2025-04-07 01:25:04,r2l,1.0,0,1847b2d3
2025-04-07 01:25:05,probe,1.0,0,2e7b88b9
2025-04-07 01:25:05,u2r,1.0,0,116555c3
2025-04-07 01:25:06,r2l,1.0,0,4d11e811
2025-04-07 01:25:07,normal,1.0,0,6bef59f1
2025-04-07 01:25:07,dos,1.0,0,56ab6d5d
2025-04-07 01:25:07,dos,1.0,0,42a27993
2025-04-07 01:25:08,u2r,1.0,0,a7936e26
2025-04-07 01:25:09,probe,1.0,0,396ee6bf
2025-04-07 01:25:09,normal,1.0,0,57367786
2025-04-07 01:25:10,dos,1.0,0,57f6527d
2025-04-07 01:25:11,normal,1.0,0,30ecaf5c
2025-04-07 01:25:11,dos,1.0,0,4c960066
2025-04-07 01:25:12,u2r,1.0,0,beb2a9ee
2025-04-07 01:25:12,probe,1.0,0,8f98be0d
2025-04-07 01:25:13,u2r,1.0,0,5a1a6c32
2025-04-07 01:25:14,u2r,1.0,0,3d8d21fb
2025-04-07 01:25:15,normal,1.0,0,105fbf89
2025-04-07 01:25:16,dos,1.0,0,66228a0a
2025-04-07 01:25:17,probe,1.0,0,76964d8c
2025-04-07 01:25:17,normal,1.0,0,6fdb6eca
2025-04-07 01:25:17,probe,1.0,0,39df33ba
2025-04-07 01:25:18,probe,1.0,0,dce7a0be
2025-04-07 01:25:19,probe,1.0,0,be2ea462
2025-04-07 01:25:19,probe,1.0,0,30384a82
2025-04-07 01:25:20,probe,1.0,0,5abc8adf
2025-04-07 01:25:20,r2l,1.0,0,5cbb5c31
2025-04-07 01:25:21,dos,1.0,0,57d9d46b
2025-04-07 01:25:22,u2r,1.0,0,7d424e91
2025-04-07 01:25:22,dos,1.0,0,1660530c
2025-04-07 01:25:23,dos,1.0,0,57ec4996
2025-04-07 01:25:24,dos,1.0,0,214bda47
2025-04-07 01:25:24,normal,1.0,0,43ab848e
2025-04-07 01:25:25,dos,1.0,0,2bc0faba
2025-04-07 01:25:25,dos,1.0,0,7ec01c96
2025-04-07 01:25:26,u2r,1.0,0,7b08eb15
2025-04-07 01:25:27,r2l,1.0,0,60dd7e8e
2025-04-07 01:25:27,probe,1.0,0,608809b5
2025-04-07 01:25:27,probe,1.0,0,3e4e4942
2025-04-07 01:25:28,r2l,1.0,0,96a1a6df
2025-04-07 01:25:29,r2l,1.0,0,4b68c642
2025-04-07 01:25:29,r2l,1.0,0,3021a951
2025-04-07 01:25:30,r2l,1.0,0,6f583c53
2025-04-07 01:25:30,dos,1.0,0,4f6c0560
2025-04-07 01:25:31,u2r,1.0,0,10c70b17
2025-04-07 01:25:32,u2r,1.0,0,7a5ad69e
2025-04-07 01:25:32,normal,1.0,0,4f7488f7
2025-04-07 01:25:33,dos,1.0,0,3995bc79
2025-04-07 01:25:34,normal,1.0,0,9fa6a326
2025-04-07 01:25:34,normal,1.0,0,42fe5a3d
2025-04-07 01:25:35,dos,1.0,0,27084ed0
2025-04-07 01:25:35,dos,1.0,0,891987c4
2025-04-07 01:25:36,normal,1.0,0,3d2e5257
2025-04-07 01:25:37,r2l,1.0,0,325515c3
2025-04-07 01:25:37,u2r,1.0,0,56ed4273
2025-04-07 01:25:37,probe,1.0,0,2ed4282d
2025-04-07 01:25:38,r2l,1.0,0,25972158
2025-04-07 01:25:39,u2r,1.0,0,549cd582
2025-04-07 01:25:39,probe,1.0,0,54e6a7d3
2025-04-07 01:25:40,u2r,1.0,0,12280fde
2025-04-07 01:25:41,dos,1.0,0,168c1583
2025-04-07 01:25:41,u2r,1.0,0,1041e76f
2025-04-07 01:25:42,r2l,1.0,0,460f9478
2025-04-07 01:25:42,probe,1.0,0,74cb38fe
2025-04-07 01:25:43,r2l,1.0,0,54e5e083
2025-04-07 01:25:44,dos,1.0,0,4d9321ed
2025-04-07 01:25:44,u2r,1.0,0,7ee7b24d
2025-04-07 01:25:45,normal,1.0,0,17b15528
2025-04-07 01:25:46,u2r,1.0,0,346f6113
2025-04-07 01:25:46,u2r,1.0,0,4e0def59
2025-04-07 01:25:47,u2r,1.0,0,796573d4
2025-04-07 01:25:47,u2r,1.0,0,6dfc33dc
2025-04-07 01:25:47,normal,1.0,0,5d2c8808
2025-04-07 01:25:48,probe,1.0,0,78d1b804
2025-04-07 01:25:49,probe,1.0,0,3beb5a61
2025-04-07 01:25:49,u2r,1.0,0,75933e57
2025-04-07 01:25:50,u2r,1.0,0,752b780a
2025-04-07 01:25:51,dos,1.0,0,5ccde7ce
2025-04-07 01:25:51,dos,1.0,0,49b8c811
2025-04-07 01:25:52,normal,1.0,0,18a27b7c
2025-04-07 01:25:52,normal,1.0,0,15bf1a5c
2025-04-07 01:25:53,dos,1.0,0,340f944a
2025-04-07 01:25:54,probe,1.0,0,39c0c038
2025-04-07 01:25:54,probe,1.0,0,3c917ad4
2025-04-07 01:25:55,r2l,1.0,0,27f59540
2025-04-07 01:25:56,u2r,1.0,0,13bcaf8d
2025-04-07 01:25:56,dos,1.0,0,413cef8d
2025-04-07 01:25:57,probe,1.0,0,79a21c33
2025-04-07 01:25:57,dos,1.0,0,5a20b644
2025-04-07 01:25:58,probe,1.0,0,44518294
2025-04-07 01:25:58,u2r,1.0,0,79a4008c
2025-04-07 01:25:59,probe,1.0,0,10efd473
2025-04-07 01:25:59,r2l,1.0,0,4c037021
2025-04-07 01:26:00,normal,1.0,0,5bfcbada
2025-04-07 01:26:01,dos,1.0,0,51c99355
2025-04-07 01:26:01,probe,1.0,0,55e06fb4
2025-04-07 01:26:02,normal,1.0,0,23c9bdce
2025-04-07 01:26:02,u2r,1.0,0,5865d209
2025-04-07 01:26:03,u2r,1.0,0,48206ff3
2025-04-07 01:26:04,normal,1.0,0,16fedef3
2025-04-07 01:28:57,probe,1.0,0,5c9e5a85
2025-04-07 01:28:57,normal,1.0,0,79e8c0f7
2025-04-07 01:28:58,u2r,1.0,0,1e706dd9
2025-04-07 01:28:58,normal,1.0,0,2b69c666
2025-04-07 01:28:59,dos,1.0,0,6add13c7
2025-04-07 01:28:59,probe,1.0,0,4518d749
2025-04-07 01:29:00,probe,1.0,0,1c7394b4
2025-04-07 01:29:01,dos,1.0,0,7b487e82
2025-04-07 01:29:01,r2l,1.0,0,109e6537
2025-04-07 01:29:02,r2l,1.0,0,76fd70c4
2025-04-07 01:29:03,normal,1.0,0,ddd34c2c
2025-04-07 01:29:03,normal,1.0,0,278f9ddf
2025-04-07 01:29:04,normal,1.0,0,2a97c43e
2025-04-07 01:29:04,normal,1.0,0,718284d8
2025-04-07 01:29:05,dos,1.0,0,5da268c3
2025-04-07 01:29:06,normal,1.0,0,6ed95780
2025-04-07 01:29:06,dos,1.0,0,494a1871
2025-04-07 01:29:07,normal,1.0,0,4c6148ee
2025-04-07 01:29:07,probe,1.0,0,5d2543a9
2025-04-07 01:29:08,dos,1.0,0,ea3adcca
2025-04-07 01:29:09,dos,1.0,0,5d822ace
2025-04-07 01:29:09,dos,1.0,0,3d38f5d9
2025-04-07 01:29:10,r2l,1.0,0,2ec49aeb
2025-04-07 01:29:11,u2r,1.0,0,3c47719c
2025-04-07 01:29:11,dos,1.0,0,5e01d8e8
2025-04-07 01:29:12,r2l,1.0,0,127379a9
2025-04-07 01:29:12,normal,1.0,0,358c03b9
2025-04-07 01:29:13,dos,1.0,0,632fed5f
2025-04-07 01:29:14,r2l,1.0,0,2aaf2f22
2025-04-07 01:29:14,u2r,1.0,0,30338b3b
2025-04-07 01:29:15,normal,1.0,0,1d9d185b
2025-04-07 01:29:15,probe,1.0,0,21f3004e
2025-04-07 01:29:16,u2r,1.0,0,68c0bf34
2025-04-07 01:29:16,u2r,1.0,0,e05f840a
2025-04-07 01:29:17,r2l,1.0,0,6de7d070
2025-04-07 01:29:18,u2r,1.0,0,64af210a
2025-04-07 01:29:18,r2l,1.0,0,3e1acbc0
2025-04-07 01:29:19,r2l,1.0,0,2d12c9cd
2025-04-07 01:29:19,u2r,1.0,0,3fe2ddad
2025-04-07 01:29:20,u2r,1.0,0,3b4ba1c0
2025-04-07 01:29:21,u2r,1.0,0,38c01569
2025-04-07 01:29:21,probe,1.0,0,47b11a7b
2025-04-07 01:29:22,dos,1.0,0,39c53d21
2025-04-07 01:29:22,normal,1.0,0,54e22b81
2025-04-07 01:29:23,u2r,1.0,0,15e03298
2025-04-07 01:29:24,r2l,1.0,0,68a33a33
2025-04-07 01:29:24,probe,1.0,0,1a18dfc5
2025-04-07 01:29:25,r2l,1.0,0,202a60b2
2025-04-07 01:29:25,normal,1.0,0,6176fe16
2025-04-07 01:29:26,normal,1.0,0,6ea886c2
2025-04-07 01:29:26,dos,1.0,0,16d4ff44
2025-04-07 01:29:27,probe,1.0,0,a9b5e168
2025-04-07 01:29:28,u2r,1.0,0,65adc6eb
2025-04-07 01:29:28,dos,1.0,0,25cfd147
2025-04-07 01:29:29,u2r,1.0,0,79807c2c
2025-04-07 01:29:29,probe,1.0,0,6f434b00
2025-04-07 01:29:30,probe,1.0,0,37ea6e2a
2025-04-07 01:29:31,normal,1.0,0,f0b92734
2025-04-07 01:29:31,u2r,1.0,0,49bf76cc
2025-04-07 01:29:32,probe,1.0,0,705e96f9
2025-04-07 01:29:32,dos,1.0,0,78e0296d
2025-04-07 01:29:33,normal,1.0,0,1ccf191f
2025-04-07 01:29:34,dos,1.0,0,7ae3842a
2025-04-07 01:29:34,dos,1.0,0,31f82f0d
2025-04-07 01:29:35,probe,1.0,0,1d780493
2025-04-07 01:29:35,u2r,1.0,0,3f2ce29d
2025-04-07 01:29:36,r2l,1.0,0,11dc4bc2
2025-04-07 01:29:36,normal,1.0,0,11ea7215
2025-04-07 01:29:37,r2l,1.0,0,3b0a9880
2025-04-07 01:29:38,u2r,1.0,0,669ae0b4
2025-04-07 01:29:38,normal,1.0,0,581ada74
2025-04-07 01:29:39,r2l,1.0,0,497d75f6
2025-04-07 01:29:39,u2r,1.0,0,51d2fd11
2025-04-07 01:29:40,normal,1.0,0,53a726ea
2025-04-07 01:29:41,normal,1.0,0,43633aa8
2025-04-07 01:29:41,normal,1.0,0,eba16c73
2025-04-07 01:29:42,probe,1.0,0,b66e627c
2025-04-07 01:29:43,probe,1.0,0,30223de8
2025-04-07 01:29:43,u2r,1.0,0,325078ef
2025-04-07 01:29:44,dos,1.0,0,1835f508
2025-04-07 01:29:44,dos,1.0,0,6f698c9b
2025-04-07 01:29:45,normal,1.0,0,6edc1c02
2025-04-07 01:29:45,r2l,1.0,0,5daca075
2025-04-07 01:29:46,u2r,1.0,0,3845e6db
2025-04-07 01:29:46,u2r,1.0,0,4cf289aa
2025-04-07 01:29:47,normal,1.0,0,754d9e2c
2025-04-07 01:29:48,u2r,1.0,0,1b0463bc
2025-04-07 01:29:48,dos,1.0,0,5bc8f17c
2025-04-07 01:29:49,probe,1.0,0,6d0d7641
2025-04-07 01:29:50,dos,1.0,0,32bbcf6f
2025-04-07 01:29:50,normal,1.0,0,302f3bff
2025-04-07 01:29:51,r2l,1.0,0,45188d74
2025-04-07 01:29:51,normal,1.0,0,3819c411
2025-04-07 01:29:52,probe,1.0,0,6dccd4ae
2025-04-07 01:29:53,r2l,1.0,0,1df02c8d
2025-04-07 01:29:53,probe,1.0,0,56d95ff7
2025-04-07 01:29:54,u2r,1.0,0,583fbc5a
2025-04-07 01:29:54,normal,1.0,0,37051936
2025-04-07 01:29:55,u2r,1.0,0,2b998f51
2025-04-07 01:29:56,r2l,1.0,0,66afa141
2025-04-07 01:29:56,u2r,1.0,0,5176c5a1
2025-04-07 01:29:57,r2l,1.0,0,7ebad384
2025-04-07 01:29:58,r2l,1.0,0,7ce735e3
2025-04-07 01:29:58,normal,1.0,0,13be5277
2025-04-07 01:29:59,r2l,1.0,0,6d098e4c
2025-04-07 01:29:59,r2l,1.0,0,2bfc6dcf
2025-04-07 01:30:00,normal,1.0,0,4de79415
2025-04-07 01:30:01,dos,1.0,0,7677a804
2025-04-07 01:30:01,normal,1.0,0,340353c3
2025-04-07 01:30:02,r2l,1.0,0,2ed7ac1b
2025-04-07 01:30:03,normal,1.0,0,5b9ad024
2025-04-07 01:30:03,probe,1.0,0,20511181
2025-04-07 01:30:04,u2r,1.0,0,4c5eeeaa
2025-04-07 01:30:04,r2l,1.0,0,354fb3f2
2025-04-07 01:30:05,normal,1.0,0,237a25b7
2025-04-07 01:30:05,dos,1.0,0,5f469205
2025-04-07 01:30:06,probe,1.0,0,638318ac
2025-04-07 01:30:06,dos,1.0,0,53f6271d
2025-04-07 01:30:07,dos,1.0,0,27a9e318
2025-04-07 01:30:08,normal,1.0,0,30f30234
2025-04-07 01:30:08,u2r,1.0,0,43a5c98a
2025-04-07 01:30:09,u2r,1.0,0,1a774e85
2025-04-07 01:30:10,u2r,1.0,0,77e422fe
2025-04-07 01:30:10,dos,1.0,0,40b6550b
2025-04-07 01:30:11,r2l,1.0,0,3fd5e993
2025-04-07 01:30:11,probe,1.0,0,2ffe2ab8
2025-04-07 01:30:12,u2r,1.0,0,1c994e42
2025-04-07 01:30:13,probe,1.0,0,4a93930b
2025-04-07 01:30:13,probe,1.0,0,df0b1adb
2025-04-07 01:30:14,u2r,1.0,0,5d900a9d
2025-04-07 01:30:14,u2r,1.0,0,6677c105
2025-04-07 01:30:15,dos,1.0,0,681709e1
2025-04-07 01:30:15,u2r,1.0,0,27c72bac
2025-04-07 01:30:16,u2r,1.0,0,2568ceb8
2025-04-07 01:30:16,normal,1.0,0,67890fb2
2025-04-07 01:30:17,dos,1.0,0,76dcbaa5
2025-04-07 01:30:18,normal,1.0,0,1ec0244d
2025-04-07 01:30:18,r2l,1.0,0,46edf8c5
2025-04-07 01:30:19,probe,1.0,0,4cb36fc9
2025-04-07 01:30:19,normal,1.0,0,4b054579
2025-04-07 01:30:20,dos,1.0,0,54947fbb
2025-04-07 01:30:21,normal,1.0,0,15d69112
2025-04-07 01:30:21,r2l,1.0,0,200fa568
2025-04-07 01:30:22,dos,1.0,0,7e25ad38
2025-04-07 01:30:23,normal,1.0,0,1b178e53
2025-04-07 01:30:23,probe,1.0,0,6aba81df
2025-04-07 01:34:53,normal,1.0,0,7900f154
2025-04-07 01:34:53,r2l,1.0,0,6d82005c
2025-04-07 01:34:53,r2l,1.0,0,58bcb730
2025-04-07 01:34:54,probe,1.0,0,72993f60
2025-04-07 01:34:54,normal,1.0,0,5c752e00
2025-04-07 01:34:55,probe,1.0,0,4f36009a
2025-04-07 01:34:55,u2r,1.0,0,4678a025
2025-04-07 01:34:56,dos,1.0,0,3cb8f975
2025-04-07 01:34:56,probe,1.0,0,2239e3b4
2025-04-07 01:34:57,probe,1.0,0,12dfc851
2025-04-07 01:34:58,dos,1.0,0,7320fcaa
2025-04-07 01:34:58,u2r,1.0,0,3b8d2970
2025-04-07 01:34:59,dos,1.0,0,258e3b67
2025-04-07 01:35:00,u2r,1.0,0,5be06865
2025-04-07 01:35:00,probe,1.0,0,33f66751
2025-04-07 01:35:01,u2r,1.0,0,44ed71b7
2025-04-07 01:35:01,u2r,1.0,0,60a81155
2025-04-07 01:35:02,probe,1.0,0,39897f93
2025-04-07 01:35:03,u2r,1.0,0,54a43861
2025-04-07 01:35:03,normal,1.0,0,5bff1e5d
2025-04-07 01:35:04,r2l,1.0,0,442696bd
2025-04-07 01:35:04,normal,1.0,0,60abe992
2025-04-07 01:35:05,r2l,1.0,0,3ee35909
2025-04-07 01:35:06,dos,1.0,0,58a8ff62
2025-04-07 01:35:06,normal,1.0,0,7f8cf586
2025-04-07 01:35:07,u2r,1.0,0,1d8d85f6
2025-04-07 01:35:08,probe,1.0,0,4084b401
2025-04-07 01:35:08,r2l,1.0,0,4f7782e5
2025-04-07 01:35:09,u2r,1.0,0,53a6eee1
2025-04-07 01:35:09,u2r,1.0,0,2fc25da0
2025-04-07 01:35:10,r2l,1.0,0,1e05f069
2025-04-07 01:35:11,dos,1.0,0,39fc0d76
2025-04-07 01:35:11,probe,1.0,0,1b576829
2025-04-07 01:35:12,dos,1.0,0,701aee89
2025-04-07 01:35:12,probe,1.0,0,153cc9d8
2025-04-07 01:35:13,normal,1.0,0,2349c217
2025-04-07 01:35:13,probe,1.0,0,1661fbd9
2025-04-07 01:35:14,u2r,1.0,0,f97a7fd1
2025-04-07 01:35:15,probe,1.0,0,397ce2fc
2025-04-07 01:35:15,dos,1.0,0,63dc8161
2025-04-07 01:35:16,dos,1.0,0,4bb14774
2025-04-07 01:35:16,probe,1.0,0,52a9d042
2025-04-07 01:35:17,probe,1.0,0,2e6e3947
2025-04-07 01:38:29,dos,1.0,0,5fac8256
2025-04-07 01:38:29,u2r,1.0,0,641e89d4
2025-04-07 01:38:30,normal,1.0,0,538ec75f
2025-04-07 01:38:30,u2r,1.0,0,1a499f6c
2025-04-07 01:38:31,dos,1.0,0,5964ab8b
2025-04-07 01:38:32,r2l,1.0,0,53afc68e
2025-04-07 01:38:32,probe,1.0,0,5d7650e4
2025-04-07 01:38:33,probe,1.0,0,df808690
2025-04-07 01:38:33,normal,1.0,0,66118a2e
2025-04-07 01:38:34,u2r,1.0,0,4f8ab841
2025-04-07 01:38:35,r2l,1.0,0,2aec195a
2025-04-07 01:38:35,probe,1.0,0,413bf96b
2025-04-07 01:38:36,u2r,1.0,0,605e849e
2025-04-07 01:38:36,r2l,1.0,0,411a1749
2025-04-07 01:38:37,dos,1.0,0,14e843f2
2025-04-07 01:38:38,dos,1.0,0,115d778c
2025-04-07 01:38:38,dos,1.0,0,3a048f07
2025-04-07 01:38:39,dos,1.0,0,5480dc6d
2025-04-07 01:38:39,r2l,1.0,0,1f49a58c
2025-04-07 01:38:40,u2r,1.0,0,3a388fef
2025-04-07 01:38:41,r2l,1.0,0,4e99d86a
2025-04-07 01:38:41,r2l,1.0,0,6c863542
2025-04-07 01:38:42,normal,1.0,0,2452d9e4
2025-04-07 01:38:43,u2r,1.0,0,b7265cac
2025-04-07 01:38:43,u2r,1.0,0,69ca3233
2025-04-07 01:38:44,probe,1.0,0,47c7a6ee
2025-04-07 01:38:45,normal,1.0,0,68b21ae4
2025-04-07 01:38:45,probe,1.0,0,615cee00
2025-04-07 01:38:46,normal,1.0,0,46439094
2025-04-07 01:38:46,u2r,1.0,0,187794d9
2025-04-07 01:38:47,probe,1.0,0,5c937796
2025-04-07 01:38:47,dos,1.0,0,2868e7be
2025-04-07 01:38:48,probe,1.0,0,3d4b4a5a
2025-04-07 01:38:48,u2r,1.0,0,75cc2103
2025-04-07 01:38:49,normal,1.0,0,31684f93
2025-04-07 01:38:50,r2l,1.0,0,2deff87d
2025-04-07 01:38:50,dos,1.0,0,22251879
2025-04-07 01:38:51,normal,1.0,0,50dbc65b
2025-04-07 01:38:51,r2l,1.0,0,491730da
2025-04-07 01:38:52,probe,1.0,0,11d36cdc
2025-04-07 01:38:53,probe,1.0,0,297b5122
2025-04-07 01:38:53,normal,1.0,0,59f7e792
2025-04-07 01:38:54,u2r,1.0,0,4bb56f37
2025-04-07 01:38:55,r2l,1.0,0,68032118
2025-04-07 01:38:55,dos,1.0,0,28df59f6
2025-04-07 01:38:56,u2r,1.0,0,38651266
2025-04-07 01:38:56,r2l,1.0,0,4edc986e
2025-04-07 01:38:57,probe,1.0,0,11071772
2025-04-07 01:38:57,normal,1.0,0,5b8dc77f
2025-04-07 01:38:58,r2l,1.0,0,cb11e47c
2025-04-07 01:38:58,probe,1.0,0,2df6d755
2025-04-07 01:38:59,r2l,1.0,0,192315c3
2025-04-07 01:39:00,normal,1.0,0,586f3792
2025-04-07 01:39:00,u2r,1.0,0,26cd5824
2025-04-07 01:39:01,probe,1.0,0,6369edb5
2025-04-07 01:39:01,normal,1.0,0,67240a36
2025-04-07 01:39:02,normal,1.0,0,28bf423e
2025-04-07 01:39:03,r2l,1.0,0,55912149
2025-04-07 01:39:03,r2l,1.0,0,3c306924
2025-04-07 01:39:04,probe,1.0,0,2e14f7a6
2025-04-07 01:39:05,u2r,1.0,0,dba6a0bf
2025-04-07 01:39:05,r2l,1.0,0,3e75306e
2025-04-07 01:39:06,u2r,1.0,0,5f65f7fb
2025-04-07 01:39:06,r2l,1.0,0,694d9ad0
2025-04-07 01:39:07,probe,1.0,0,3badb190
2025-04-07 01:39:07,r2l,1.0,0,2408240c
2025-04-07 01:39:08,probe,1.0,0,2f8f6481
2025-04-07 01:39:08,dos,1.0,0,f82d2abb
2025-04-07 01:39:09,dos,1.0,0,34da4d55
2025-04-07 01:39:10,dos,1.0,0,4fadf4f5
2025-04-07 01:39:10,r2l,1.0,0,13f6e304
2025-04-07 01:39:11,dos,1.0,0,221f48d4
2025-04-07 01:39:11,dos,1.0,0,6683e339
2025-04-07 01:39:12,probe,1.0,0,16f3e9f6
2025-04-07 01:39:13,r2l,1.0,0,73988675
2025-04-07 01:39:13,dos,1.0,0,1234290c
2025-04-07 01:39:14,u2r,1.0,0,7665c001
2025-04-07 01:39:15,probe,1.0,0,13fd6071
2025-04-07 01:39:15,dos,1.0,0,3748d742
2025-04-07 01:39:16,r2l,1.0,0,1894f559
2025-04-07 01:39:16,r2l,1.0,0,72513c2f
2025-04-07 01:39:17,u2r,1.0,0,5fa8d46e
2025-04-07 01:39:17,r2l,1.0,0,545144a6
2025-04-07 01:39:18,u2r,1.0,0,2b536e38
2025-04-07 01:39:19,r2l,1.0,0,61092eae
2025-04-07 01:39:19,u2r,1.0,0,5f620da3
2025-04-07 01:39:20,dos,1.0,0,5a5d6006
2025-04-07 01:39:20,probe,1.0,0,55b8a228
2025-04-07 01:42:27,r2l,1.0,0,7d93dc1d
2025-04-07 01:42:28,probe,1.0,0,5916a338
2025-04-07 01:42:28,dos,1.0,0,295b9f70
2025-04-07 01:42:29,dos,1.0,0,50ce7ea4
2025-04-07 01:42:30,u2r,1.0,0,df7b5cf1
2025-04-07 01:42:30,probe,1.0,0,66d2ad25
2025-04-07 01:42:31,normal,1.0,0,3c3c2493
2025-04-07 01:42:31,r2l,1.0,0,7adbf22e
2025-04-07 01:42:32,u2r,1.0,0,2a39c43d
2025-04-07 01:42:33,probe,1.0,0,63e87781
2025-04-07 01:42:33,probe,1.0,0,69b5fc18
2025-04-07 01:42:34,probe,1.0,0,ea31211a
2025-04-07 01:42:34,probe,1.0,0,2f10f8b5
2025-04-07 01:42:35,probe,1.0,0,7f0efa83
2025-04-07 01:42:36,probe,1.0,0,4c911f80
2025-04-07 01:42:36,probe,1.0,0,7c822953
2025-04-07 01:42:37,normal,1.0,0,222919b0
2025-04-07 01:42:38,probe,1.0,0,25e1b26c
2025-04-07 01:42:38,dos,1.0,0,511bd9b2
2025-04-07 01:42:39,u2r,1.0,0,54c07f70
2025-04-07 01:42:39,normal,1.0,0,654df711
2025-04-07 01:42:40,normal,1.0,0,71ead8eb
2025-04-07 01:42:41,u2r,1.0,0,63c27772
2025-04-07 01:42:41,probe,1.0,0,750ea17f
2025-04-07 01:42:42,dos,1.0,0,64f72648
2025-04-07 01:42:42,normal,1.0,0,627f43dc
2025-04-07 01:42:43,r2l,1.0,0,379e9426
2025-04-07 01:42:44,dos,1.0,0,dd3ccaba
2025-04-07 01:42:44,probe,1.0,0,37e72ef1
2025-04-07 01:42:45,dos,1.0,0,71feee6f
2025-04-07 01:42:46,dos,1.0,0,5199a9da
2025-04-07 01:42:46,dos,1.0,0,35a3b481
2025-04-07 01:42:47,normal,1.0,0,51a0253a
2025-04-07 01:42:47,normal,1.0,0,3242950c
2025-04-07 01:42:48,r2l,1.0,0,1bcdac59
2025-04-07 01:42:49,probe,1.0,0,1365f683
2025-04-07 01:42:49,u2r,1.0,0,2b6ea73c
2025-04-07 01:42:50,probe,1.0,0,263c853b
2025-04-07 01:42:51,r2l,1.0,0,43d907b8
2025-04-07 01:42:51,r2l,1.0,0,4e882f35
2025-04-07 01:42:52,u2r,1.0,0,69a1248f
2025-04-07 01:42:52,probe,1.0,0,f8382a86
2025-04-07 01:42:53,dos,1.0,0,2c14db44
2025-04-07 01:42:54,normal,1.0,0,5a7a9bf5
2025-04-07 01:42:54,r2l,1.0,0,65319b4b
2025-04-07 01:42:55,normal,1.0,0,626e8dfe
2025-04-07 01:42:55,probe,1.0,0,18e82baf
2025-04-07 01:42:56,normal,1.0,0,3a40877b
2025-04-07 01:42:57,dos,1.0,0,340f3a2d
2025-04-07 01:42:57,r2l,1.0,0,4ef383e3
2025-04-07 01:42:58,probe,1.0,0,7fda9c37
2025-04-07 01:42:59,probe,1.0,0,e15f988d
2025-04-07 01:42:59,u2r,1.0,0,61491a5b
2025-04-07 01:43:00,u2r,1.0,0,7e5ab109
2025-04-07 01:43:00,u2r,1.0,0,11e71aa8
2025-04-07 01:43:01,r2l,1.0,0,29be26f8
2025-04-07 01:43:02,dos,1.0,0,5f225e85
2025-04-07 01:43:02,normal,1.0,0,3b07fbaf
2025-04-07 01:43:03,normal,1.0,0,6ed6098c
2025-04-07 01:43:04,r2l,1.0,0,50224b61
2025-04-07 01:43:04,u2r,1.0,0,52dbf92d
2025-04-07 01:43:05,normal,1.0,0,d86b3631
2025-04-07 01:43:05,u2r,1.0,0,11a179a4
2025-04-07 01:43:06,probe,1.0,0,1448c87b
2025-04-07 01:43:07,probe,1.0,0,6ee9a197
2025-04-07 01:43:07,u2r,1.0,0,5c581d5f
2025-04-07 01:43:08,dos,1.0,0,75e88295
2025-04-07 01:43:09,dos,1.0,0,11604cb7
2025-04-07 01:43:09,r2l,1.0,0,4aed800e
2025-04-07 01:43:10,probe,1.0,0,219c5364
2025-04-07 01:43:10,probe,1.0,0,22dcc4d4
2025-04-07 01:43:11,u2r,1.0,0,b8648d6b
2025-04-07 01:43:12,u2r,1.0,0,3c102fd7
2025-04-07 01:43:12,normal,1.0,0,4c13f609
2025-04-07 01:43:13,probe,1.0,0,bebd911e
2025-04-07 01:43:14,probe,1.0,0,5940ce07
2025-04-07 01:43:14,dos,1.0,0,3bcfbe1c
2025-04-07 01:43:15,probe,1.0,0,420d5a51
2025-04-07 01:43:15,probe,1.0,0,537f1136
2025-04-07 01:43:16,probe,1.0,0,3e2ba142
2025-04-07 01:43:17,dos,1.0,0,1dcc8e16
2025-04-07 01:43:17,normal,1.0,0,77664fc4
2025-04-07 01:43:18,dos,1.0,0,791ccdd4
2025-04-07 01:43:18,r2l,1.0,0,42698999
2025-04-07 01:43:19,probe,1.0,0,7547eafd
2025-04-07 01:43:20,r2l,1.0,0,29d1a365
2025-04-07 01:43:20,dos,1.0,0,443704eb
2025-04-07 01:43:21,probe,1.0,0,1e476d3a
2025-04-07 01:43:22,probe,1.0,0,76dad620
2025-04-07 01:43:22,r2l,1.0,0,74704593
2025-04-07 01:43:23,r2l,1.0,0,4eccc2ac
2025-04-07 01:43:23,probe,1.0,0,155ebb03
2025-04-07 01:43:24,dos,1.0,0,56fda4ad
2025-04-07 01:43:25,u2r,1.0,0,6c3e9fdd
2025-04-07 01:43:25,r2l,1.0,0,22d195a2
2025-04-07 01:43:26,normal,1.0,0,f65a5dbe
2025-04-07 01:43:27,dos,1.0,0,62b1ed7d
2025-04-07 01:43:27,normal,1.0,0,5f0f837e
2025-04-07 01:43:28,probe,1.0,0,32392927
2025-04-07 01:43:28,u2r,1.0,0,6581d71b
2025-04-07 01:43:29,probe,1.0,0,6978320b
2025-04-07 01:43:30,dos,1.0,0,45b7fb6c
2025-04-07 01:43:30,normal,1.0,0,2c0a9e83
2025-04-07 01:43:31,normal,1.0,0,ae552e8e
2025-04-07 01:43:31,normal,1.0,0,5db576d9
2025-04-07 01:43:32,r2l,1.0,0,7d39e486
2025-04-07 01:43:33,u2r,1.0,0,122f1fc2
2025-04-07 01:43:33,normal,1.0,0,6d967875
2025-04-07 01:43:34,probe,1.0,0,1b93f834
2025-04-07 01:43:35,dos,1.0,0,3adcc07c
2025-04-07 01:43:35,dos,1.0,0,46f793ce
2025-04-07 01:43:36,probe,1.0,0,6ae9d2ba
2025-04-07 01:43:36,r2l,1.0,0,20e4107e
2025-04-07 01:43:37,r2l,1.0,0,401b126f
2025-04-07 01:43:38,u2r,1.0,0,204387e4
2025-04-07 01:43:38,r2l,1.0,0,2f06de22
2025-04-07 01:43:39,normal,1.0,0,58dea46c
2025-04-07 01:43:40,normal,1.0,0,170160ac
2025-04-07 01:43:40,u2r,1.0,0,33e3d2be
2025-04-07 01:43:41,probe,1.0,0,40bf0a4a
2025-04-07 01:43:41,normal,1.0,0,7b5bc525
2025-04-07 01:43:42,normal,1.0,0,41c70326
2025-04-07 01:43:43,dos,1.0,0,5005fc74
2025-04-07 01:43:43,dos,1.0,0,36aaaf7f
2025-04-07 01:43:44,u2r,1.0,0,2c2ebdad
2025-04-07 01:43:45,normal,1.0,0,49c91a30
2025-04-07 01:43:45,probe,1.0,0,18e30da6
2025-04-07 01:43:46,normal,1.0,0,15f16c03
2025-04-07 01:43:46,probe,1.0,0,3e3e3b28
2025-04-07 01:43:47,probe,1.0,0,1c6ce321
2025-04-07 01:43:48,probe,1.0,0,72c10af0
2025-04-07 01:43:48,r2l,1.0,0,50579eb0
2025-04-07 01:43:49,dos,1.0,0,614a8ac7
2025-04-07 01:43:49,dos,1.0,0,555da9c8
2025-04-07 01:43:50,normal,1.0,0,2aab0639
2025-04-07 01:43:51,r2l,1.0,0,72f59227
2025-04-07 01:43:52,normal,1.0,0,639a4a52
2025-04-07 01:43:52,r2l,1.0,0,22e70f0e
2025-04-07 01:43:53,r2l,1.0,0,683d6897
2025-04-07 01:43:53,probe,1.0,0,6820985e
2025-04-07 01:43:54,normal,1.0,0,29e3cd22
2025-04-07 01:43:54,dos,1.0,0,6f3b8628
2025-04-07 01:43:55,u2r,1.0,0,3de51ef4
2025-04-07 01:43:56,probe,1.0,0,74ab135d
2025-04-07 01:43:56,u2r,1.0,0,11ff4af2
2025-04-07 01:43:57,dos,1.0,0,6a91520a
2025-04-07 01:43:58,r2l,1.0,0,1422ef6a
2025-04-07 01:43:58,dos,1.0,0,23d2d0e7
2025-04-07 01:43:59,dos,1.0,0,7f690584
2025-04-07 01:43:59,normal,1.0,0,5af5d7f9
2025-04-07 01:44:00,u2r,1.0,0,7ffd40cb
2025-04-07 01:44:01,u2r,1.0,0,6dfefdcf
2025-04-07 01:44:01,u2r,1.0,0,3db96992
2025-04-07 01:44:02,probe,1.0,0,46f061dc
2025-04-07 01:44:02,u2r,1.0,0,410e9b7d
2025-04-07 01:44:03,u2r,1.0,0,1d5c4cc6
2025-04-07 01:44:04,r2l,1.0,0,33e71a85
2025-04-07 01:44:04,u2r,1.0,0,2fe5f126
2025-04-07 01:44:05,normal,1.0,0,38e742f7
2025-04-07 01:44:06,normal,1.0,0,78b1d32b
2025-04-07 01:44:06,r2l,1.0,0,446ab788
2025-04-07 01:44:07,r2l,1.0,0,475954a6
2025-04-07 01:44:07,dos,1.0,0,17310afb
2025-04-07 01:44:08,dos,1.0,0,571f0647
2025-04-07 01:44:09,u2r,1.0,0,194a64c9
2025-04-07 01:44:09,probe,1.0,0,4f7e97f4
2025-04-07 01:44:10,normal,1.0,0,6ac24753
2025-04-07 01:44:11,dos,1.0,0,3f606185
2025-04-07 01:44:11,normal,1.0,0,1fce39af
2025-04-07 01:44:12,u2r,1.0,0,6423b459
2025-04-07 01:44:12,dos,1.0,0,3093d73d
2025-04-07 01:44:13,dos,1.0,0,64d2d4f2
2025-04-07 01:44:14,normal,1.0,0,4c136521
2025-04-07 01:44:14,normal,1.0,0,4bab8446
2025-04-07 01:44:15,u2r,1.0,0,1d855d16
2025-04-07 01:44:16,dos,1.0,0,96ac13a0
2025-04-07 01:44:16,dos,1.0,0,40154bcb
2025-04-07 01:44:17,normal,1.0,0,23153447
2025-04-07 01:44:17,normal,1.0,0,2a30fcbd
2025-04-07 01:44:18,r2l,1.0,0,20bab731
2025-04-07 01:44:19,dos,1.0,0,fcaf5960
2025-04-07 01:44:19,probe,1.0,0,54346a25
2025-04-07 01:44:20,probe,1.0,0,f0a7b259
2025-04-07 01:44:21,r2l,1.0,0,24065457
2025-04-07 01:44:21,probe,1.0,0,2e671344
2025-04-07 01:44:22,u2r,1.0,0,2d217b55
2025-04-07 01:44:22,normal,1.0,0,e9a1b430
2025-04-07 01:44:23,u2r,1.0,0,1d0e9233
2025-04-07 01:44:24,dos,1.0,0,60e02aa9
2025-04-07 01:44:24,u2r,1.0,0,4f3d2172
2025-04-07 01:44:25,r2l,1.0,0,18ff4653
2025-04-07 01:44:25,dos,1.0,0,581eb0f4
2025-04-07 01:44:26,normal,1.0,0,4bec23ec
2025-04-07 01:44:27,normal,1.0,0,391b9a62
2025-04-07 01:44:27,u2r,1.0,0,1eb6bd10
2025-04-07 01:44:28,normal,1.0,0,411538a3
2025-04-07 01:44:29,r2l,1.0,0,4e85a794
2025-04-07 01:44:29,r2l,1.0,0,39b0d7d8
2025-04-07 01:44:30,dos,1.0,0,23ee99dd
2025-04-07 01:44:30,normal,1.0,0,39ad6ed8
2025-04-07 01:44:31,probe,1.0,0,5700a8df
2025-04-07 01:44:32,dos,1.0,0,44837743
2025-04-07 01:44:32,normal,1.0,0,7301fd18
2025-04-07 01:44:33,u2r,1.0,0,51822a7f
2025-04-07 01:44:33,normal,1.0,0,70ec72ca
2025-04-07 01:44:34,probe,1.0,0,24b349aa
2025-04-07 01:44:35,normal,1.0,0,6de54dbd
2025-04-07 01:44:35,dos,1.0,0,2f8117e1
2025-04-07 01:44:36,r2l,1.0,0,1e709acb
2025-04-07 01:44:37,u2r,1.0,0,6be257e0
2025-04-07 01:44:37,dos,1.0,0,1be7df35
2025-04-07 01:44:38,u2r,1.0,0,1a26bb76
2025-04-07 01:44:38,probe,1.0,0,25dccab5
2025-04-07 01:44:39,probe,1.0,0,45296302
2025-04-07 01:44:40,u2r,1.0,0,d3b920aa
2025-04-07 01:44:40,u2r,1.0,0,285eb294
2025-04-07 01:44:41,r2l,1.0,0,4fe7305f
2025-04-07 01:44:42,u2r,1.0,0,67ab71ff
2025-04-07 01:44:42,dos,1.0,0,6a8584f9
2025-04-07 01:44:43,dos,1.0,0,4b7e881e
2025-04-07 01:44:43,dos,1.0,0,640eff77
2025-04-07 01:44:44,dos,1.0,0,5c1d94aa
2025-04-07 01:44:45,dos,1.0,0,3b0ea297
2025-04-07 01:44:45,u2r,1.0,0,29372904
2025-04-07 01:44:46,dos,1.0,0,7f6eb003
2025-04-07 01:44:46,u2r,1.0,0,38e85f81
2025-04-07 01:44:47,r2l,1.0,0,7f6e512b
2025-04-07 01:44:48,u2r,1.0,0,7cc1ed78
2025-04-07 01:44:48,u2r,1.0,0,30b519c3
2025-04-07 01:44:49,dos,1.0,0,3bb3b91e
2025-04-07 01:44:50,normal,1.0,0,53ea6ee3
2025-04-07 01:44:50,normal,1.0,0,2c6e26c0
2025-04-07 01:44:51,probe,1.0,0,3c41f9e0
2025-04-07 01:44:51,probe,1.0,0,6918adf2
2025-04-07 01:44:52,normal,1.0,0,538863fe
2025-04-07 01:44:53,dos,1.0,0,6229486e
2025-04-07 01:44:53,u2r,1.0,0,6fd17377
2025-04-07 01:44:54,u2r,1.0,0,6779668e
2025-04-07 01:44:55,u2r,1.0,0,34841f5e
2025-04-07 01:44:55,probe,1.0,0,7ff9cb34
2025-04-07 01:44:56,r2l,1.0,0,3fc1daa5
2025-04-07 01:44:57,dos,1.0,0,365e8392
2025-04-07 01:44:57,u2r,1.0,0,3ce3152e
2025-04-07 01:44:58,u2r,1.0,0,7a47595a
2025-04-07 01:44:58,probe,1.0,0,3fd965c4
2025-04-07 01:44:59,dos,1.0,0,5328fe45
2025-04-07 01:44:59,normal,1.0,0,3664fa74
2025-04-07 01:45:00,dos,1.0,0,125dcd22
2025-04-07 01:45:01,normal,1.0,0,5fd9cb66
2025-04-07 01:45:01,probe,1.0,0,15f281b3
2025-04-07 01:45:02,normal,1.0,0,412b63d7
2025-04-07 01:45:03,u2r,1.0,0,9c843c59
2025-04-07 01:45:03,u2r,1.0,0,39106bdd
2025-04-07 01:45:04,normal,1.0,0,278275b7
2025-04-07 01:45:04,probe,1.0,0,697800aa
2025-04-07 01:45:05,probe,1.0,0,7c5316ed
2025-04-07 01:45:06,dos,1.0,0,5e00d7c5
2025-04-07 01:45:06,dos,1.0,0,e3083b06
2025-04-07 01:45:07,u2r,1.0,0,2c4e5e46
2025-04-07 01:45:08,r2l,1.0,0,22a49e2b
2025-04-07 01:45:08,r2l,1.0,0,6790cc61
2025-04-07 01:45:09,u2r,1.0,0,46d76cb5
2025-04-07 01:45:09,dos,1.0,0,710325a9
2025-04-07 01:45:10,r2l,1.0,0,383dfbb0
2025-04-07 01:45:11,r2l,1.0,0,7ea53d7a
2025-04-07 01:45:11,u2r,1.0,0,5b24f2ee
2025-04-07 01:45:12,dos,1.0,0,6a73fa64
2025-04-07 01:45:12,normal,1.0,0,3f234fb5
2025-04-07 01:45:13,u2r,1.0,0,264c3c6c
2025-04-07 01:45:14,normal,1.0,0,bdedfc10
2025-04-07 01:45:14,r2l,1.0,0,15ab1576
2025-04-07 01:45:15,probe,1.0,0,581a8801
2025-04-07 01:45:16,dos,1.0,0,11a730af
2025-04-07 01:45:16,r2l,1.0,0,6954123e
2025-04-07 01:45:17,probe,1.0,0,145c7e6f
2025-04-07 01:45:17,r2l,1.0,0,52dcbab2
2025-04-07 01:45:18,r2l,1.0,0,8f49b202
2025-04-07 01:45:19,normal,1.0,0,51796ac4
2025-04-07 01:45:19,dos,1.0,0,b4b4723a
2025-04-07 01:45:20,r2l,1.0,0,33304126
2025-04-07 01:45:21,normal,1.0,0,635c9552
2025-04-07 01:45:21,u2r,1.0,0,9496c1fe
2025-04-07 01:45:22,probe,1.0,0,232a05b9
2025-04-07 01:45:22,dos,1.0,0,74f4e49e
2025-04-07 01:45:23,probe,1.0,0,4cce07e5
2025-04-07 01:45:24,probe,1.0,0,4fb1d4f5
2025-04-07 01:45:24,dos,1.0,0,2128a85b
2025-04-07 01:45:25,normal,1.0,0,7f5b4868
2025-04-07 01:45:25,probe,1.0,0,5be996ab
2025-04-07 01:45:26,r2l,1.0,0,3277a74b
2025-04-07 01:45:27,dos,1.0,0,6c6813d6
2025-04-07 01:45:27,probe,1.0,0,6fd803a7
2025-04-07 01:45:28,r2l,1.0,0,26d60ad1
2025-04-07 01:45:29,probe,1.0,0,52d0b6aa
2025-04-07 01:45:29,dos,1.0,0,45191f74
2025-04-07 01:45:30,dos,1.0,0,7c2090ed
2025-04-07 01:45:30,normal,1.0,0,6fdb86d2
2025-04-07 01:45:31,u2r,1.0,0,4c46abb5
2025-04-07 01:45:32,u2r,1.0,0,4f717020
2025-04-07 01:45:32,normal,1.0,0,e131ce97
2025-04-07 01:45:33,probe,1.0,0,73339c31
2025-04-07 01:45:34,normal,1.0,0,47f115db
2025-04-07 01:45:34,probe,1.0,0,2b7f81da
2025-04-07 01:45:35,r2l,1.0,0,472616cc
2025-04-07 01:45:35,normal,1.0,0,350a3ed9
2025-04-07 01:45:36,u2r,1.0,0,45e5ad70
2025-04-07 01:45:37,dos,1.0,0,20943682
2025-04-07 01:45:37,dos,1.0,0,2f1fb4d0
2025-04-07 01:45:38,r2l,1.0,0,1c51e284
2025-04-07 01:45:38,probe,1.0,0,3c3fba83
2025-04-07 01:45:39,u2r,1.0,0,2cae4be5
2025-04-07 01:45:40,probe,1.0,0,28408b0a
2025-04-07 01:45:40,normal,1.0,0,58bcac91
2025-04-07 01:45:41,probe,1.0,0,105fdfa8
2025-04-07 01:45:42,u2r,1.0,0,40bee608
2025-04-07 01:45:42,u2r,1.0,0,7e09ba63
2025-04-07 01:45:43,dos,1.0,0,138d7f39
2025-04-07 01:50:25,normal,1.0,0,27a02399
2025-04-07 01:50:25,probe,1.0,0,5bead2d4
2025-04-07 01:50:26,r2l,1.0,0,67b90b7e
2025-04-07 01:50:26,u2r,1.0,0,662e9049
2025-04-07 01:50:27,normal,1.0,0,4a6cb9fc
2025-04-07 01:50:28,normal,1.0,0,492b7ec3
2025-04-07 01:50:28,dos,1.0,0,7747c17d
2025-04-07 01:50:29,normal,1.0,0,5b038676
2025-04-07 01:50:29,dos,1.0,0,2a03939f
2025-04-07 01:50:30,dos,1.0,0,658bffeb
2025-04-07 01:50:31,normal,1.0,0,7056a9de
2025-04-07 01:50:31,normal,1.0,0,2dd6bc60
2025-04-07 01:50:32,normal,1.0,0,3bf23ce5
2025-04-07 01:50:32,dos,1.0,0,6a9e4de8
2025-04-07 01:50:33,probe,1.0,0,61b48de6
2025-04-07 01:50:34,normal,1.0,0,4af3b8d7
2025-04-07 01:53:32,probe,1.0,0,1a4c2576
2025-04-07 01:53:32,r2l,1.0,0,7ad35957
2025-04-07 01:53:33,u2r,1.0,0,6abfd108
2025-04-07 01:53:34,dos,1.0,0,5e8d32bb
2025-04-07 01:53:34,probe,1.0,0,7bd27047
2025-04-07 01:53:35,probe,1.0,0,663c3913
2025-04-07 01:53:36,normal,1.0,0,505cbdd3
2025-04-07 01:53:36,normal,1.0,0,19a3eb8f
2025-04-07 01:53:37,normal,1.0,0,44fec56d
2025-04-07 01:53:37,u2r,1.0,0,13d7335e
2025-04-07 01:53:38,normal,1.0,0,6d0f36d1
2025-04-07 01:53:39,probe,1.0,0,71e4baeb
2025-04-07 01:53:39,r2l,1.0,0,56f23f7f
2025-04-07 01:53:40,dos,1.0,0,2edc4559
2025-04-07 01:53:40,r2l,1.0,0,378fe34d
2025-04-07 01:53:41,dos,1.0,0,6ce9488b
2025-04-07 01:53:42,u2r,1.0,0,6c139dad
2025-04-07 01:53:42,normal,1.0,0,5a9ae8a9
2025-04-07 01:53:43,dos,1.0,0,f1b8dbb0
2025-04-07 01:53:44,normal,1.0,0,6d1cb8be
2025-04-07 01:53:44,r2l,1.0,0,2ac70ad9
2025-04-07 01:53:45,normal,1.0,0,7073727d
2025-04-07 01:53:45,u2r,1.0,0,77c8304a
2025-04-07 01:53:46,normal,1.0,0,508bc3b2
2025-04-07 01:53:47,normal,1.0,0,2a3d3838
2025-04-07 01:53:47,probe,1.0,0,54968129
2025-04-07 01:53:48,dos,1.0,0,72607583
2025-04-07 01:53:49,dos,1.0,0,2e07497e
2025-04-07 01:53:49,dos,1.0,0,586ec0e7
2025-04-07 01:53:50,dos,1.0,0,fe29cff0
2025-04-07 01:53:50,u2r,1.0,0,38d0837c
2025-04-07 01:53:51,r2l,1.0,0,3dce45e0
2025-04-07 01:53:52,u2r,1.0,0,41cc6dd1
2025-04-07 01:53:52,u2r,1.0,0,3b4be654
2025-04-07 01:53:53,probe,1.0,0,4ffb1986
2025-04-07 01:53:54,u2r,1.0,0,42cbdc79
2025-04-07 01:53:54,r2l,1.0,0,64879cdb
2025-04-07 01:53:55,dos,1.0,0,14a34997
2025-04-07 01:53:55,probe,1.0,0,4ab26925
2025-04-07 01:53:56,probe,1.0,0,3522f254
2025-04-07 01:53:57,dos,1.0,0,75c62af6
2025-04-07 01:53:57,u2r,1.0,0,4f9fe215
2025-04-07 01:53:58,u2r,1.0,0,3825e05f
2025-04-07 01:53:58,u2r,1.0,0,2bbdddda
2025-04-07 01:53:59,normal,1.0,0,37c226aa
2025-04-07 01:54:00,r2l,1.0,0,3d409eeb
2025-04-07 01:54:00,normal,1.0,0,1b205d65
2025-04-07 01:54:01,u2r,1.0,0,64dc99ef
2025-04-07 01:54:02,r2l,1.0,0,62364d2f
2025-04-07 01:54:02,u2r,1.0,0,65909697
2025-04-07 01:54:03,probe,1.0,0,10916e64
2025-04-07 01:54:03,normal,1.0,0,6932255c
2025-04-07 01:54:04,normal,1.0,0,3c4aa6d8
2025-04-07 01:54:05,normal,1.0,0,5b08ebb1
2025-04-07 01:54:05,dos,1.0,0,1279e08c
2025-04-07 01:54:06,dos,1.0,0,af384c57
2025-04-07 01:54:07,dos,1.0,0,c0a8dad8
2025-04-07 01:54:07,r2l,1.0,0,5f3d5b74
2025-04-07 01:54:08,u2r,1.0,0,515813a3
2025-04-07 01:54:08,r2l,1.0,0,7ff064a7
2025-04-07 01:54:09,dos,1.0,0,2f9b66e2
2025-04-07 01:54:10,r2l,1.0,0,585e7cd5
2025-04-07 01:54:10,probe,1.0,0,463603da
2025-04-07 01:54:11,normal,1.0,0,2cb78476
2025-04-07 01:54:12,r2l,1.0,0,1d886dc3
2025-04-07 01:54:12,u2r,1.0,0,45a8d726
2025-04-07 01:54:13,probe,1.0,0,26839033
2025-04-07 01:54:13,probe,1.0,0,7a9c2d34
2025-04-07 01:54:14,dos,1.0,0,2be50745
2025-04-07 01:54:15,r2l,1.0,0,5641eaf0
2025-04-07 01:54:15,r2l,1.0,0,4131a7e5
2025-04-07 01:54:16,probe,1.0,0,53feb7a0
2025-04-07 01:54:17,dos,1.0,0,480097be
2025-04-07 01:54:17,probe,1.0,0,7409721a
2025-04-07 01:54:18,dos,1.0,0,1021e5e9
2025-04-07 01:54:18,u2r,1.0,0,22df5806
2025-04-07 01:54:19,probe,1.0,0,6a59c4ca
2025-04-07 01:54:20,normal,1.0,0,69250281
2025-04-07 01:54:20,probe,1.0,0,6442aa02
2025-04-07 01:54:21,dos,1.0,0,7bfb3975
2025-04-07 01:54:22,normal,1.0,0,49f4e3eb
2025-04-07 01:54:22,u2r,1.0,0,1df196f0
2025-04-07 01:54:23,normal,1.0,0,5aa4c570
2025-04-07 01:54:23,r2l,1.0,0,7df22fe1
2025-04-07 01:54:24,dos,1.0,0,6b2ef8d5
2025-04-07 01:54:25,dos,1.0,0,b62ab85b
2025-04-07 01:54:25,r2l,1.0,0,58fe8f82
2025-04-07 01:54:26,r2l,1.0,0,515f378e
2025-04-07 01:54:27,probe,1.0,0,12dc9491
2025-04-07 01:54:27,dos,1.0,0,77be7244
2025-04-07 01:54:28,r2l,1.0,0,2b4347be
2025-04-07 01:54:28,r2l,1.0,0,fe565107
2025-04-07 01:54:29,probe,1.0,0,4b07a4e4
2025-04-07 01:54:30,probe,1.0,0,6a4d43ca
2025-04-07 01:54:30,normal,1.0,0,5b19ec65
2025-04-07 01:54:31,u2r,1.0,0,2f6f1cf0
2025-04-07 01:54:31,r2l,1.0,0,bf566cd7
2025-04-07 01:54:32,r2l,1.0,0,afbfe1ef
2025-04-07 01:54:33,normal,1.0,0,4e093c51
2025-04-07 01:54:33,dos,1.0,0,1180253c
2025-04-07 01:54:34,r2l,1.0,0,2348845c
2025-04-07 01:54:34,normal,1.0,0,48ca061c
2025-04-07 01:54:35,r2l,1.0,0,637b6d4d
2025-04-07 01:54:36,r2l,1.0,0,3b0eaf83
2025-04-07 01:54:36,u2r,1.0,0,22179081
2025-04-07 01:54:37,probe,1.0,0,4f9a443f
2025-04-07 01:54:38,dos,1.0,0,598226c1
2025-04-07 01:54:38,r2l,1.0,0,54eed0b0
2025-04-07 01:54:39,dos,1.0,0,324cce57
2025-04-07 01:54:39,r2l,1.0,0,74e61de0
2025-04-07 01:54:40,u2r,1.0,0,5ef47169
2025-04-07 01:54:41,normal,1.0,0,5dba83f4
2025-04-07 01:54:41,u2r,1.0,0,2fd1a040
2025-04-07 01:54:42,dos,1.0,0,528b17d7
2025-04-07 01:54:43,probe,1.0,0,6b6b0e07
2025-04-07 01:54:43,r2l,1.0,0,2f4b71ac
2025-04-07 01:54:44,r2l,1.0,0,1bef87c1
2025-04-07 01:54:44,probe,1.0,0,535600ac
2025-04-07 01:54:45,r2l,1.0,0,29ef4069
2025-04-07 01:54:46,normal,1.0,0,6370657a
2025-04-07 01:54:46,r2l,1.0,0,56fa4feb
2025-04-07 01:54:47,normal,1.0,0,5d0bcb8a
2025-04-07 01:54:48,u2r,1.0,0,f08c83b6
2025-04-07 01:54:48,u2r,1.0,0,355f963a
2025-04-07 01:54:49,normal,1.0,0,47d2c685
2025-04-07 01:54:49,r2l,1.0,0,7bd531d2
2025-04-07 01:54:50,r2l,1.0,0,7a04a2d4
2025-04-07 01:54:51,r2l,1.0,0,213c4447
2025-04-07 01:54:51,dos,1.0,0,71e5f2a7
2025-04-07 01:54:52,probe,1.0,0,7e681726
2025-04-07 01:54:53,u2r,1.0,0,af44e542
2025-04-07 01:54:53,probe,1.0,0,7a366581
2025-04-07 01:54:54,probe,1.0,0,1f00d84f
2025-04-07 01:54:54,r2l,1.0,0,4e4ad5bc
2025-04-07 01:54:55,u2r,1.0,0,239a49d3
2025-04-07 01:54:56,r2l,1.0,0,76fdea34
2025-04-07 01:54:56,probe,1.0,0,307932c8
2025-04-07 01:54:57,normal,1.0,0,53f23ade
2025-04-07 01:54:57,probe,1.0,0,6bc407d6
2025-04-07 01:54:58,normal,1.0,0,30d97116
2025-04-07 01:54:59,r2l,1.0,0,719884fa
2025-04-07 01:54:59,u2r,1.0,0,6bd2c5b9
2025-04-07 01:55:00,normal,1.0,0,3ac4e5c4
2025-04-07 01:55:01,u2r,1.0,0,64d8e3f4
2025-04-07 01:55:01,probe,1.0,0,7b733169
2025-04-07 01:55:02,r2l,1.0,0,18d9a1aa
2025-04-07 01:55:02,normal,1.0,0,38ec4fe2
2025-04-07 01:55:03,probe,1.0,0,419dc6bc
2025-04-07 01:55:04,probe,1.0,0,463a4c8d
2025-04-07 01:55:04,r2l,1.0,0,52ec22ca
2025-04-07 01:55:05,normal,1.0,0,82e5f2d3
2025-04-07 01:55:05,dos,1.0,0,69775038
2025-04-07 01:55:06,r2l,1.0,0,4e9b9f99
2025-04-07 01:55:07,r2l,1.0,0,490e732c
2025-04-07 01:55:07,u2r,1.0,0,7dd3c9a1
2025-04-07 01:55:08,dos,1.0,0,4cf10712
2025-04-07 01:55:09,r2l,1.0,0,31e15adb
2025-04-07 01:55:09,probe,1.0,0,7cee98fc
2025-04-07 01:55:10,normal,1.0,0,6e814186
2025-04-07 01:55:10,normal,1.0,0,58bf0b84
2025-04-07 01:55:11,u2r,1.0,0,470ca3af
2025-04-07 01:55:12,r2l,1.0,0,1739377b
2025-04-07 01:55:12,normal,1.0,0,b1972fa0
2025-04-07 01:55:13,normal,1.0,0,2ca0df10
2025-04-07 01:55:14,u2r,1.0,0,7d9ef7af
2025-04-07 01:57:00,dos,1.0,0,6f63bcae
2025-04-07 01:57:01,dos,1.0,0,6d50f1e1
2025-04-07 01:57:01,r2l,1.0,0,6d9abfad
2025-04-07 01:57:02,r2l,1.0,0,5d8db6b3
2025-04-07 01:57:03,r2l,1.0,0,77a414dd
2025-04-07 01:57:03,probe,1.0,0,738ad7d4
2025-04-07 01:59:16,u2r,1.0,0,36418ff1
2025-04-07 01:59:17,u2r,1.0,0,131f9268
2025-04-07 01:59:17,probe,1.0,0,20d5d5f5
2025-04-07 01:59:18,dos,1.0,0,4a6f7848
2025-04-07 01:59:19,u2r,1.0,0,160a01a9
2025-04-07 01:59:19,dos,1.0,0,28f47fe7
2025-04-07 01:59:20,probe,1.0,0,21916a9e
2025-04-07 01:59:20,dos,1.0,0,1c1560ef
2025-04-07 01:59:21,dos,1.0,0,2a041587
2025-04-07 01:59:22,u2r,1.0,0,2b1c782d
2025-04-07 01:59:22,r2l,1.0,0,46e22bfc
2025-04-07 01:59:23,r2l,1.0,0,67d55cc9
2025-04-07 01:59:24,u2r,1.0,0,65c85ee1
2025-04-07 01:59:24,u2r,1.0,0,21479fd9
2025-04-07 01:59:25,dos,1.0,0,4b8916db
2025-04-07 01:59:25,r2l,1.0,0,7b41decd
2025-04-07 01:59:26,probe,1.0,0,66b242c2
2025-04-07 01:59:27,probe,1.0,0,5e1dd105
2025-04-07 01:59:27,normal,1.0,0,27acf960
2025-04-07 01:59:28,r2l,1.0,0,6e44566b
2025-04-07 01:59:29,r2l,1.0,0,b64ca34e
2025-04-07 01:59:29,u2r,1.0,0,70c6fdd9
2025-04-07 01:59:30,probe,1.0,0,1acda912
2025-04-07 01:59:30,normal,1.0,0,73832c6b
2025-04-07 01:59:31,dos,1.0,0,6d32f588
2025-04-07 01:59:32,probe,1.0,0,617e5e3a
2025-04-07 01:59:32,probe,1.0,0,4e3f1a86
2025-04-07 01:59:33,r2l,1.0,0,5616cb94
2025-04-07 01:59:34,u2r,1.0,0,7c80cf88
2025-04-07 01:59:34,u2r,1.0,0,3f2aaea7
2025-04-07 01:59:35,dos,1.0,0,7fd7c623
2025-04-07 01:59:35,probe,1.0,0,123e2878
2025-04-07 01:59:36,normal,1.0,0,4e7634ec
2025-04-07 01:59:37,probe,1.0,0,4a677135
2025-04-07 01:59:37,r2l,1.0,0,777fc6e4
2025-04-07 01:59:38,r2l,1.0,0,37994b0d
2025-04-07 01:59:39,r2l,1.0,0,1c6074ae
2025-04-07 01:59:39,u2r,1.0,0,62f6b3c3
2025-04-07 01:59:40,normal,1.0,0,1160a81c
2025-04-07 01:59:40,probe,1.0,0,6ea06142
2025-04-07 01:59:41,u2r,1.0,0,3c1c7b8c
2025-04-07 01:59:42,dos,1.0,0,46ce964e
2025-04-07 01:59:42,dos,1.0,0,37a9e57a
2025-04-07 01:59:43,dos,1.0,0,1bb26353
2025-04-07 01:59:43,normal,1.0,0,5295445c
2025-04-07 01:59:44,r2l,1.0,0,3ecff260
2025-04-07 01:59:45,r2l,1.0,0,3cfbc5eb
2025-04-07 01:59:45,u2r,1.0,0,71f0d8f1
2025-04-07 01:59:46,r2l,1.0,0,5b1d0010
2025-04-07 01:59:47,normal,1.0,0,6a06eaca
2025-04-07 01:59:47,dos,1.0,0,4d0bc3cb
2025-04-07 01:59:48,r2l,1.0,0,12af3b5a
2025-04-07 01:59:48,probe,1.0,0,205c1a26
2025-04-07 01:59:49,u2r,1.0,0,3d5c112e
2025-04-07 01:59:50,u2r,1.0,0,743d7022
2025-04-07 01:59:50,dos,1.0,0,3fd82eaf
2025-04-07 01:59:51,normal,1.0,0,5777cf2c
2025-04-07 01:59:51,u2r,1.0,0,2034397b
2025-04-07 01:59:52,probe,1.0,0,72bc7a24
2025-04-07 01:59:53,normal,1.0,0,1a12be87
2025-04-07 01:59:53,u2r,1.0,0,2d563403
2025-04-07 01:59:54,r2l,1.0,0,294593d1
2025-04-07 01:59:55,probe,1.0,0,10bcbd8d
2025-04-07 02:02:24,dos,1.0,0,7cf3874c
2025-04-07 02:02:25,probe,1.0,0,33f6a6da
2025-04-07 02:02:25,dos,1.0,0,28730393
2025-04-07 02:02:26,dos,1.0,0,3a58ac40
2025-04-07 02:02:26,dos,1.0,0,57ddd0e7
2025-04-07 02:02:27,normal,1.0,0,5ee65764
2025-04-07 02:02:28,dos,1.0,0,1abf4f21
2025-04-07 02:02:28,u2r,1.0,0,482529da
2025-04-07 02:02:29,u2r,1.0,0,2f24466a
2025-04-07 02:02:30,dos,1.0,0,74788e07
2025-04-07 02:02:30,r2l,1.0,0,1a20a2e8
2025-04-07 02:02:31,probe,1.0,0,2a600fc3
2025-04-07 02:02:31,probe,1.0,0,7a062cdd
2025-04-07 02:02:32,u2r,1.0,0,55f559e6
2025-04-07 02:02:33,dos,1.0,0,3517b3bd
2025-04-07 02:02:33,r2l,1.0,0,292acd55
2025-04-07 02:02:34,u2r,1.0,0,2419f106
2025-04-07 02:02:35,normal,1.0,0,7b7a28f0
2025-04-07 02:02:35,u2r,1.0,0,33923c08
2025-04-07 02:02:36,probe,1.0,0,6fae47c8
2025-04-07 02:02:36,r2l,1.0,0,7e9718e8
2025-04-07 02:02:37,r2l,1.0,0,45ef077f
2025-04-07 02:02:38,normal,1.0,0,418f45d1
2025-04-07 02:02:38,u2r,1.0,0,7e04ba4c
2025-04-07 02:02:39,u2r,1.0,0,370829fc
2025-04-07 02:02:39,u2r,1.0,0,33ce08a9
2025-04-07 02:02:40,normal,1.0,0,2a3443be
2025-04-07 02:02:41,dos,1.0,0,6c868267
2025-04-07 02:02:41,probe,1.0,0,67abd1de
2025-04-07 02:02:42,r2l,1.0,0,5fca3197
2025-04-07 02:02:43,dos,1.0,0,530accd7
2025-04-07 02:02:43,dos,1.0,0,28645cd5
2025-04-07 02:02:44,normal,1.0,0,5645c84a
2025-04-07 02:02:44,r2l,1.0,0,4dbbc0d0
2025-04-07 02:02:45,dos,1.0,0,77263b2b
2025-04-07 02:02:46,probe,1.0,0,10cb0e8d
2025-04-07 02:02:46,r2l,1.0,0,302f922a
2025-04-07 02:02:47,normal,1.0,0,4545f729
2025-04-07 02:03:39,u2r,1.0,0,3b76d2bd
2025-04-07 02:03:39,r2l,1.0,0,43a55f13
2025-04-07 02:03:40,probe,1.0,0,72db2aed
2025-04-07 02:03:40,dos,1.0,0,2517a6c9
2025-04-07 02:03:41,probe,1.0,0,7f5cec3f
2025-04-07 02:03:42,r2l,1.0,0,68460254
2025-04-07 02:06:15,normal,1.0,0,2ca71cc3
2025-04-07 02:06:17,normal,1.0,0,6625a1da
2025-04-07 02:06:20,normal,1.0,0,1f5d5d63
2025-04-07 02:06:20,normal,1.0,0,109f3e1a
2025-04-07 02:06:22,normal,1.0,0,5b6623c7
2025-04-07 02:06:28,normal,1.0,0,34a4dab2
2025-04-07 02:06:29,normal,1.0,0,7386f0ef
2025-04-07 02:06:35,normal,1.0,0,271de3f7
2025-04-07 02:06:41,normal,1.0,0,2debc560
2025-04-07 02:06:42,normal,1.0,0,a0651c17
2025-04-07 02:06:47,normal,1.0,0,30960a97
2025-04-07 02:06:58,normal,1.0,0,58167294
2025-04-07 02:06:59,normal,1.0,0,35879dcc
2025-04-07 02:06:59,normal,1.0,0,341560fe
2025-04-07 02:07:00,normal,1.0,0,5ed844fc
2025-04-07 02:07:04,normal,1.0,0,c37c20ed
2025-04-07 02:07:05,normal,1.0,0,356fc63f
2025-04-07 02:07:10,normal,1.0,0,6c505fd1
2025-04-07 02:07:20,normal,1.0,0,5c898f5e
2025-04-07 02:07:26,normal,1.0,0,1b6f6895
2025-04-07 02:07:27,normal,1.0,0,5fffd608
2025-04-07 02:07:46,normal,1.0,0,22b0c450
2025-04-07 02:07:48,normal,1.0,0,455c0510
2025-04-07 02:08:00,normal,1.0,0,25f9bd87
2025-04-07 02:08:03,normal,1.0,0,43a37689
2025-04-07 02:08:05,normal,1.0,0,1221c1c9
2025-04-07 02:08:11,normal,1.0,0,17650c61
2025-04-07 02:08:15,normal,1.0,0,5cf843f5
2025-04-07 02:08:16,normal,1.0,0,47bb5a37
2025-04-07 02:08:18,normal,1.0,0,329f77ca
2025-04-07 02:08:18,normal,1.0,0,1ef827f5
2025-04-07 02:08:19,normal,1.0,0,24c77bb2
2025-04-07 02:08:21,normal,1.0,0,2621e257
2025-04-07 02:08:22,normal,1.0,0,731a8ee7
2025-04-07 02:08:26,normal,1.0,0,5df3e8bd
2025-04-07 02:08:30,normal,1.0,0,6a17d91b
2025-04-07 02:08:34,normal,1.0,0,439cf8cc
2025-04-07 02:08:34,normal,1.0,0,580b32a2
2025-04-07 02:08:36,normal,1.0,0,bd3de384
2025-04-07 02:08:36,normal,1.0,0,5b074e9b
2025-04-07 02:08:39,normal,1.0,0,35ffe888
